DateTime,LocationCode,WindSpeed(m/s),Pressure(hpa),Temperature(Â°C),Humidity(%),Sunlight(Lux),Power(mW)
2024-05-17 16:50:00,7.0,1.2916666666666667,1006.3833333333333,27.263333333333332,60.39166666666667,3498.193333333333,2.0683333333333334
2024-05-18 07:00:00,7.0,0.0,1006.267,25.214,72.29499999999999,20937.584,78.76599999999999
2024-05-18 07:10:00,7.0,0.0,1006.406,25.669999999999998,70.05499999999999,21539.666999999998,81.49199999999999
2024-05-18 07:20:00,7.0,0.0,1006.558,26.439,67.30199999999999,29913.916999999998,146.541
2024-05-18 07:30:00,7.0,0.0,1006.6600000000001,27.395,63.438,30050.083000000002,144.977
2024-05-18 07:40:00,7.0,0.0,1006.72,28.238999999999997,60.126,32868.915,172.575
2024-05-18 07:50:00,7.0,0.0,1006.854,28.568,58.536,31069.083000000002,152.45499999999998
2024-05-18 08:00:00,7.0,0.0,1006.881,28.73,56.879999999999995,32947.832,172.345
2024-05-18 08:10:00,7.0,0.0,1006.89,30.118000000000002,53.559000000000005,52376.161,457.73
2024-05-18 08:20:00,7.0,0.0,1006.816,32.311,46.747,41194.487,288.584
2024-05-18 08:30:00,7.0,0.0,1006.725,31.781,46.954,44737.319,341.70799999999997
2024-05-18 08:40:00,7.0,0.0,1006.6610000000001,32.12,46.522000000000006,42947.382,298.15500000000003
2024-05-18 08:50:00,7.0,0.0,1006.5880000000001,32.413,45.069,32644.014000000003,177.43900000000002
2024-05-18 09:00:00,7.0,0.0,1006.479,31.121,48.463,26856.416000000005,117.26500000000001
2024-05-18 09:10:00,7.0,0.0,1006.4470000000001,34.087,41.870999999999995,83458.911,1138.769
2024-05-18 09:20:00,7.0,0.0,1006.409,36.582,34.077,64541.591,643.263
2024-05-18 09:30:00,7.0,0.0,1006.4200000000001,39.67100000000001,28.968,98440.176,1504.711
2024-05-18 09:40:00,7.0,0.0,1006.378,42.536,23.788999999999998,85159.653,1118.2289999999998
2024-05-18 09:50:00,7.0,0.0,1006.3129999999999,41.295,24.384999999999998,71783.537,823.711
2024-05-18 10:00:00,7.0,0.0,1006.208,43.935,21.231,113221.98899999999,1918.0819999999999
2024-05-18 10:10:00,7.0,0.0,1006.134,45.704,18.012,84321.769,1165.81
2024-05-18 10:20:00,7.0,0.0,1006.015,44.536,19.003999999999998,89368.295,1272.592
2024-05-18 10:30:00,7.0,0.0,1005.8370000000001,45.086,18.363,104232.223,1543.794
2024-05-18 10:40:00,7.0,0.0,1005.817,47.65,15.959,115306.903,2035.7669999999998
2024-05-18 10:50:00,7.0,0.0,1005.595,48.122,15.065999999999999,101066.849,1496.608
2024-05-18 11:00:00,7.0,0.0,1005.4290000000001,48.684000000000005,14.716,113523.324,1899.85
2024-05-18 11:10:00,7.0,0.0,1005.219,47.031,16.381,94844.63,1307.533
2024-05-18 11:20:00,7.0,0.0,1005.019,44.733999999999995,18.66,81903.715,1057.934
2024-05-18 11:30:00,7.0,0.0,1004.811,42.805,20.878,96700.624,1422.386
2024-05-18 11:40:00,7.0,0.0,1004.625,44.385000000000005,19.009999999999998,109423.21399999999,1657.484
2024-05-18 11:50:00,7.0,0.0,1004.4979999999999,44.426,19.008000000000003,89871.6,1141.34
2024-05-18 12:00:00,7.0,0.0,1004.434,43.083,20.669999999999998,113009.058,1840.5970000000002
2024-05-18 12:10:00,7.0,0.0,1004.3120000000001,44.652,18.915,117665.66,2026.4059999999997
2024-05-18 12:20:00,7.0,0.0,1004.0540000000001,42.038,22.113999999999997,103097.856,1537.703
2024-05-18 12:30:00,7.0,0.0,1003.932,41.037,23.907,73418.155,851.0379999999999
2024-05-18 12:40:00,7.0,0.0,1003.8149999999999,39.090999999999994,27.360000000000003,62834.02099999999,644.0840000000001
2024-05-18 12:50:00,7.0,0.0,1003.771,39.496,27.025,57111.871999999996,527.217
2024-05-18 13:00:00,7.0,0.0,1003.711,37.298,30.927,48603.31,370.632
2024-05-18 13:10:00,7.0,0.0,1003.5960000000001,36.769999999999996,32.44,50689.123,407.41999999999996
2024-05-18 13:20:00,7.0,0.0,1003.485,35.711,35.327,39892.921,254.218
2024-05-18 13:30:00,7.0,0.0,1003.436,34.673,37.789,29774.333999999995,141.801
2024-05-18 13:40:00,7.0,0.0,1003.3709999999999,33.765,40.759,25697.167999999998,105.649
2024-05-18 13:50:00,7.0,0.0,1003.327,32.491,44.294,15729.5,40.015
2024-05-18 14:00:00,7.0,0.0,1003.26,31.057,50.332,13886.751,31.512999999999998
2024-05-18 14:10:00,7.0,0.0,1003.3100000000001,30.656,54.056999999999995,18938.75,57.76800000000001
2024-05-18 14:20:00,7.0,0.0,1003.342,29.5,63.4,21450.584,75.732
2024-05-18 14:30:00,7.0,0.0,1003.2729999999999,29.24,63.077999999999996,25004.833000000002,104.628
2024-05-18 14:40:00,7.0,0.0,1003.24,30.506999999999998,56.838,33936.998,182.01500000000001
2024-05-18 14:50:00,7.0,0.0,1003.1690000000001,31.282,52.511,33875.33,180.803
2024-05-18 15:00:00,7.0,0.0,1003.068,31.948,49.67,31125.083999999995,155.03
2024-05-18 15:10:00,7.0,0.0,1003.0219999999999,32.342,48.416,28760.335,133.001
2024-05-18 15:20:00,7.0,0.0,1003.007,31.520999999999997,50.561,28294.083000000002,126.546
2024-05-18 15:30:00,7.0,0.0,1002.881,30.99,52.379,21822.166,77.501
2024-05-18 15:40:00,7.0,0.0,1002.753,30.943,52.352999999999994,16951.582000000002,46.906
2024-05-18 15:50:00,7.0,0.0,1002.7149999999999,30.127999999999997,54.238,17462.167999999998,49.446
2024-05-18 16:00:00,7.0,0.0,1002.7149999999999,30.137999999999998,53.602999999999994,16958.251,48.083
2024-05-18 16:10:00,7.0,0.0,1002.616,30.561,51.952,23245.5,91.511
2024-05-18 16:20:00,7.0,0.0,1002.533,31.014999999999997,49.566,24962.582000000002,107.86399999999999
2024-05-18 16:30:00,7.0,0.0,1002.4979999999999,30.546,52.196000000000005,15446.749,41.763
2024-05-18 16:40:00,7.0,0.0,1002.585,29.921,54.82000000000001,13380.416000000001,30.395999999999997
2024-05-18 16:50:00,7.0,0.0,1002.5319999999999,29.647000000000002,56.686,9058.25,14.475
2024-05-19 07:00:00,7.0,0.0,1004.6780000000001,26.28,71.505,13186.25,28.231
2024-05-19 07:10:00,7.0,0.0,1004.6290000000001,26.566000000000003,71.03099999999999,13404.501,29.619
2024-05-19 07:20:00,7.0,0.0,1004.6479999999999,27.505000000000003,68.364,18888.417999999998,57.394000000000005
2024-05-19 07:30:00,7.0,0.0,1004.6510000000001,28.447000000000003,65.15700000000001,19305.499,60.226
2024-05-19 07:40:00,7.0,0.0,1004.675,28.996,62.827999999999996,22783.333000000002,82.70500000000001
2024-05-19 07:50:00,7.0,0.0,1004.7700000000001,29.386000000000003,59.939,24913.001,98.753
2024-05-19 08:00:00,7.0,0.0,1004.765,29.585,59.347,25267.166999999998,102.128
2024-05-19 08:10:00,7.0,0.0,1004.7729999999999,29.938,58.116,27813.75,124.356
2024-05-19 08:20:00,7.0,0.0,1004.757,30.843,55.823,31875.75,160.013
2024-05-19 08:30:00,7.0,0.0,1004.893,31.72,51.899,36313.91100000001,203.46300000000002
2024-05-19 08:40:00,7.0,0.0,1004.941,32.358,49.205,34981.914000000004,187.081
2024-05-19 08:50:00,7.0,0.0,1004.875,32.751,47.655,37202.581,214.052
2024-05-19 09:00:00,7.0,0.0,1004.859,33.045,46.446,32217.416000000005,163.419
2024-05-19 09:10:00,7.0,0.0,1004.833,33.137,46.081,29358.001,136.014
2024-05-19 09:20:00,7.0,0.0,1004.8100000000001,33.082,46.521,27501.582000000002,120.36200000000001
2024-05-19 09:30:00,7.0,0.0,1004.817,32.632,47.39,21919.334,77.526
2024-05-19 09:40:00,7.0,0.0,1004.8370000000001,31.719,49.826,20553.834,69.564
2024-05-19 09:50:00,7.0,0.0,1004.6940000000001,32.041000000000004,48.644999999999996,24061.915,95.429
2024-05-19 10:00:00,7.0,0.0,1004.676,32.635000000000005,47.085,26973.25,117.66199999999999
2024-05-19 10:10:00,7.0,0.0,1004.692,33.05,45.872,26587.583000000002,114.05999999999999
2024-05-19 10:20:00,7.0,0.0,1004.652,33.236000000000004,45.816,26424.166000000005,114.001
2024-05-19 10:30:00,7.0,0.0,1004.628,33.573,44.826,28280.666000000005,129.66
2024-05-19 10:40:00,7.0,0.0,1004.642,34.427,42.204,31154.332000000002,155.499
2024-05-19 10:50:00,7.0,0.0,1004.6049999999999,34.480000000000004,42.183,26697.5,112.256
2024-05-19 11:00:00,7.0,0.0,1004.4649999999999,34.561,41.881,26801.416999999998,114.29
2024-05-19 11:10:00,7.0,0.0,1004.3459999999999,35.446000000000005,40.458999999999996,34188.415,190.25900000000001
2024-05-19 11:20:00,7.0,0.0,1004.374,36.435,37.462,35078.414000000004,198.775
2024-05-19 11:30:00,7.0,0.0,1004.25,36.816,36.644999999999996,31236.0,158.089
2024-05-19 11:40:00,7.0,0.0,1004.133,36.687,36.513999999999996,34678.663,190.704
2024-05-19 11:50:00,7.0,0.0,1004.118,36.968,35.791000000000004,36686.647,208.42
2024-05-19 12:00:00,7.0,0.0,1004.1229999999999,36.525,35.864,24528.416,94.991
2024-05-19 12:10:00,7.0,0.0,1004.124,35.303,38.489,22520.582000000002,78.703
2024-05-19 12:20:00,7.0,0.0,1004.092,34.489999999999995,40.052,18460.001,52.837
2024-05-19 12:30:00,7.0,0.0,1004.055,33.553000000000004,43.105000000000004,18756.583000000002,54.98100000000001
2024-05-19 12:40:00,7.0,0.0,1004.027,32.9,48.202,22252.581,76.187
2024-05-19 12:50:00,7.0,0.157,1003.933,31.659000000000002,60.319,24741.0,99.90299999999999
2024-05-19 13:00:00,7.0,0.0,1003.96,30.543,65.101,23860.249,94.78
2024-05-19 13:10:00,7.0,0.0,1003.9309999999999,30.299,68.14,23049.749,91.689
2024-05-19 13:20:00,7.0,0.0,1003.8530000000001,30.568,66.339,26719.083000000002,118.75399999999999
2024-05-19 13:30:00,7.0,0.0,1003.7630000000001,31.053000000000004,61.940999999999995,27502.752,119.09400000000001
2024-05-19 13:40:00,7.0,0.0,1003.6610000000001,31.186,61.673,24324.499,92.928
2024-05-19 13:50:00,7.0,0.0,1003.566,30.474,67.28999999999999,24947.751,100.55600000000001
2024-05-19 14:00:00,7.0,0.0,1003.409,30.843,65.098,30290.832000000002,153.792
2024-05-19 14:10:00,7.0,0.0,1003.318,31.808999999999997,62.04600000000001,35629.164000000004,204.673
2024-05-19 14:20:00,7.0,0.0,1003.2610000000001,33.019999999999996,54.778,33783.914000000004,190.06599999999997
2024-05-19 14:30:00,7.0,0.0,1003.126,34.160000000000004,50.495,34635.497,198.322
2024-05-19 14:40:00,7.0,0.0,1003.0630000000001,34.201,48.900999999999996,31593.666000000005,168.707
2024-05-19 14:50:00,7.0,0.0,1002.9380000000001,35.131,44.653999999999996,36664.747,233.823
2024-05-19 15:00:00,7.0,0.0,1002.866,36.292,39.738,36907.578,241.118
2024-05-19 15:10:00,7.0,0.0,1002.848,35.756,40.93,30293.165,152.268
2024-05-19 15:20:00,7.0,0.0,1002.816,35.333999999999996,41.818,29588.333000000002,147.18099999999998
2024-05-19 15:30:00,7.0,0.0,1002.8030000000001,35.368,42.760000000000005,31433.416000000005,165.98
2024-05-19 15:40:00,7.0,0.0,1002.7130000000001,36.333999999999996,40.67,40698.009999999995,297.838
2024-05-19 15:50:00,7.0,0.0,1002.6709999999999,37.989,36.12,34626.164000000004,217.47600000000003
2024-05-19 16:00:00,7.0,0.0,1002.632,37.543,35.602,25874.249,117.09400000000001
2024-05-19 16:10:00,7.0,0.0,1002.479,34.732,39.947,17472.584,53.569
2024-05-19 16:20:00,7.0,0.0,1002.664,33.623000000000005,42.201,18326.75,58.852
2024-05-19 16:30:00,7.0,0.0,1002.7959999999999,32.954,43.723,15658.667000000001,41.982
2024-05-19 16:40:00,7.0,0.0,1002.9100000000001,32.018,46.194,11277.0,21.573999999999998
2024-05-19 16:50:00,7.0,0.0,1003.0129999999999,31.677999999999997,46.946999999999996,10674.833,19.046
2024-05-20 07:00:00,7.0,0.0,1004.5200000000001,28.55,64.265,22619.502,84.155
2024-05-20 07:10:00,7.0,0.0,1004.539,28.788,63.409000000000006,19914.832000000002,63.761
2024-05-20 07:20:00,7.0,0.0,1004.609,29.256999999999998,61.653999999999996,21751.084,75.65599999999999
2024-05-20 07:30:00,7.0,0.0,1004.637,29.381,60.553999999999995,20664.833000000002,68.636
2024-05-20 07:40:00,7.0,0.0,1004.664,30.029000000000003,58.699,24476.499,95.059
2024-05-20 07:50:00,7.0,0.0,1004.6200000000001,31.169,54.809000000000005,32034.581,161.934
2024-05-20 08:00:00,7.0,0.0,1004.677,32.311,50.735,35442.748,199.53199999999998
2024-05-20 08:10:00,7.0,0.0,1004.771,33.487,47.88,37857.331,224.56199999999998
2024-05-20 08:20:00,7.0,0.0,1004.8039999999999,34.597,44.089,50237.389,395.902
2024-05-20 08:30:00,7.0,0.0,1004.8530000000001,36.361000000000004,39.844,52768.286,437.532
2024-05-20 08:40:00,7.0,0.0,1004.811,38.507,35.05,62812.277,630.825
2024-05-20 08:50:00,7.0,0.0,1004.9100000000001,40.019,31.604000000000003,61845.91799999999,593.775
2024-05-20 09:00:00,7.0,0.0,1004.9590000000001,41.428000000000004,28.451999999999998,69203.405,734.392
2024-05-20 09:10:00,7.0,0.0,1005.0020000000001,42.956,25.901,68479.985,714.421
2024-05-20 09:20:00,7.0,0.0,1005.0690000000001,43.451,24.406,64628.558999999994,638.155
2024-05-20 09:30:00,7.0,0.0,1004.997,43.593,23.663,57689.027,511.84499999999997
2024-05-20 09:40:00,7.0,0.0,1004.8190000000001,42.457,25.139,45209.804,319.925
2024-05-20 09:50:00,7.0,0.0,1004.759,40.607,28.573,38816.462,237.375
2024-05-20 10:00:00,7.0,0.0,1004.768,38.942,32.397000000000006,38863.83,239.575
2024-05-20 10:10:00,7.0,0.0,1004.7139999999999,37.727,34.932,43249.163,295.294
2024-05-20 10:20:00,7.0,0.0,1004.684,37.448,35.793,42713.69499999999,294.31100000000004
2024-05-20 10:30:00,7.0,0.0,1004.6370000000001,37.878,35.21,44783.696,322.855
2024-05-20 10:40:00,7.0,0.0,1004.558,39.19,33.308,51333.479999999996,418.549
2024-05-20 10:50:00,7.0,0.0,1004.427,40.606,30.809000000000005,51778.926,423.784
2024-05-20 11:00:00,7.0,0.0,1004.372,41.143,29.502,51886.739,424.77799999999996
2024-05-20 11:10:00,7.0,0.0,1004.271,41.199,29.131999999999998,50889.293,414.95200000000006
2024-05-20 11:20:00,7.0,0.0,1004.133,41.156,29.361,46915.148,354.315
2024-05-20 11:30:00,7.0,0.0,1004.001,41.387,28.970999999999997,45182.781,330.473
2024-05-20 11:40:00,7.0,0.0,1003.7950000000001,41.312,28.822000000000003,42847.202000000005,300.137
2024-05-20 11:50:00,7.0,0.0,1003.6869999999999,40.292,30.797000000000004,46441.85,348.523
2024-05-20 12:00:00,7.0,0.0,1003.6960000000001,40.515,30.282999999999998,58890.778000000006,542.1479999999999
2024-05-20 12:10:00,7.0,0.0,1003.698,40.269999999999996,31.68,52087.631,431.787
2024-05-20 12:20:00,7.0,0.0,1003.577,38.446999999999996,35.574,44608.085,320.49
2024-05-20 12:30:00,7.0,0.0,1003.484,38.684999999999995,35.947,37368.08,224.719
2024-05-20 12:40:00,7.0,0.0,1003.387,38.782,35.46,43507.146,297.697
2024-05-20 12:50:00,7.0,0.0,1003.318,39.655,34.044,43036.413,289.776
2024-05-20 13:00:00,7.0,0.0,1003.1610000000001,40.494,33.034000000000006,40427.695,256.834
2024-05-20 13:10:00,7.0,0.0,1003.052,39.638,34.047000000000004,31111.499,155.692
2024-05-20 13:20:00,7.0,0.0,1003.0110000000001,37.801,37.855000000000004,24069.166999999998,95.17
2024-05-20 13:30:00,7.0,0.0,1002.8309999999999,36.342,41.387,18997.584,60.027
2024-05-20 13:40:00,7.0,0.0,1002.7819999999999,35.025,44.642,19824.166999999998,64.64500000000001
2024-05-20 13:50:00,7.0,0.0,1002.784,33.952999999999996,47.088,23422.332000000002,89.038
2024-05-20 14:00:00,7.0,0.0,1002.749,33.581,47.914,24513.25,97.024
2024-05-20 14:10:00,7.0,0.0,1002.71,33.483000000000004,47.730000000000004,24594.332000000002,97.75800000000001
2024-05-20 14:20:00,7.0,0.0,1002.7130000000001,33.138999999999996,48.794,21676.251,77.078
2024-05-20 14:30:00,7.0,0.0,1002.684,32.947,51.177,25318.333000000002,105.275
2024-05-20 14:40:00,7.0,0.0,1002.732,32.637,54.689,31231.75,160.467
2024-05-20 14:50:00,7.0,0.0,1002.719,32.017,56.347,31048.583000000002,158.076
2024-05-20 15:00:00,7.0,0.0,1002.729,32.313,53.729,32138.416999999998,168.498
2024-05-20 15:10:00,7.0,0.0,1002.683,32.369,53.125,30339.833999999995,150.119
2024-05-20 15:20:00,7.0,0.0,1002.662,32.516000000000005,52.455,26323.333999999995,111.112
2024-05-20 15:30:00,7.0,0.0,1002.675,32.142,52.660000000000004,20725.25,69.183
2024-05-20 15:40:00,7.0,0.0,1002.642,31.411,55.071000000000005,16672.836,45.062
2024-05-20 15:50:00,7.0,0.0,1002.632,30.453000000000003,59.259,16064.333999999999,40.9
2024-05-20 16:00:00,7.0,0.0,1002.613,30.136000000000003,61.349000000000004,16311.5,43.736000000000004
2024-05-20 16:10:00,7.0,0.0,1002.6299999999999,30.088,62.169000000000004,15802.833999999999,42.811
2024-05-20 16:20:00,7.0,0.0,1002.6479999999999,30.18,62.649,14954.332,37.091
2024-05-20 16:30:00,7.0,0.0,1002.817,29.994,63.622,14494.499,34.809
2024-05-20 16:40:00,7.0,0.0,1002.882,29.863999999999997,64.87100000000001,12078.666000000001,24.471
2024-05-20 16:50:00,7.0,0.0,1002.9739999999999,29.624000000000002,65.911,10535.251,18.764
2024-05-21 07:00:00,7.0,0.0,1004.807,29.383999999999997,67.701,20170.083000000002,65.34700000000001
2024-05-21 07:10:00,7.0,0.0,1004.7450000000001,29.500999999999998,66.997,17777.166,51.220000000000006
2024-05-21 07:20:00,7.0,0.0,1004.7450000000001,29.676,66.338,18977.666999999998,59.17100000000001
2024-05-21 07:30:00,7.0,0.0,1004.7760000000001,30.055,64.256,22034.833000000002,79.00899999999999
2024-05-21 07:40:00,7.0,0.0,1004.8610000000001,30.381999999999998,63.080999999999996,25757.916,106.732
2024-05-21 07:50:00,7.0,0.0,1004.842,31.236,59.795,29455.832000000002,137.393
2024-05-21 08:00:00,7.0,0.0,1004.8309999999999,32.202999999999996,56.295,33058.08,172.67000000000002
2024-05-21 08:10:00,7.0,0.0,1004.8370000000001,32.974000000000004,53.75599999999999,33770.414000000004,180.528
2024-05-21 08:20:00,7.0,0.0,1004.9190000000001,33.426,52.396,35007.829000000005,193.257
2024-05-21 08:30:00,7.0,0.0,1004.9889999999999,33.985,50.364999999999995,33226.997,175.603
2024-05-21 08:40:00,7.0,0.0,1005.086,33.891000000000005,49.721999999999994,28820.417999999998,133.60399999999998
2024-05-21 08:50:00,7.0,0.0,1005.165,33.539,51.34400000000001,27342.083000000002,120.674
2024-05-21 09:00:00,7.0,0.0,1005.2610000000001,33.267,52.355,26089.584,108.43499999999999
2024-05-21 09:10:00,7.0,0.0,1005.3530000000001,33.007999999999996,52.873000000000005,24390.5,94.248
2024-05-21 09:20:00,7.0,0.0,1005.4709999999999,33.018,53.149,24136.166,91.58099999999999
2024-05-21 09:30:00,7.0,0.0,1005.598,32.884,55.0,24688.084,96.103
2024-05-21 09:40:00,7.0,0.0,1005.649,31.973000000000003,61.065,29886.583999999995,120.292
2024-05-21 09:50:00,7.0,0.0,1005.6049999999999,32.249,59.794,32846.581,172.423
2024-05-21 10:00:00,7.0,0.0,1005.5780000000001,33.404,55.340999999999994,43266.914000000004,300.164
2024-05-21 10:10:00,7.0,0.0,1005.5600000000001,34.952,51.338,52045.402,432.53100000000006
2024-05-21 10:20:00,7.0,0.0,1005.61,36.741,44.004000000000005,74947.294,878.3190000000001
2024-05-21 10:30:00,7.0,0.0,1005.531,40.492000000000004,34.644,85617.5,1093.1950000000002
2024-05-21 10:40:00,7.0,0.0,1005.3700000000001,43.913,27.542,96800.89,1397.7869999999998
2024-05-21 10:50:00,7.0,0.0,1005.26,46.125,23.432,100181.707,1431.154
2024-05-21 11:00:00,7.0,0.0,1005.1049999999999,47.367000000000004,21.549,87770.334,1135.7710000000002
2024-05-21 11:10:00,7.0,0.0,1004.952,46.486000000000004,22.616,76873.905,896.7760000000001
2024-05-21 11:20:00,7.0,0.0,1004.807,46.921,22.359,87447.255,1132.414
2024-05-21 11:30:00,7.0,0.0,1004.64,48.138,20.971,77635.41799999999,1002.796
2024-05-21 11:40:00,7.0,0.0,1004.543,45.257999999999996,24.405,44983.507,341.107
2024-05-21 11:50:00,7.0,0.0,1004.4590000000001,44.226,25.524,44836.341,347.006
2024-05-21 12:00:00,7.0,0.0,1004.3299999999999,42.057,29.493000000000002,34808.708,217.574
2024-05-21 12:10:00,7.0,0.0,1004.231,41.312,32.010000000000005,37991.716,265.845
2024-05-21 12:20:00,7.0,0.0,1004.125,39.755,34.782,32168.998,180.488
2024-05-21 12:30:00,7.0,0.0,1003.9799999999999,40.038,33.903,53377.96799999999,447.064
2024-05-21 12:40:00,7.0,0.0,1003.918,41.418,31.088,53206.183999999994,450.26300000000003
2024-05-21 12:50:00,7.0,0.0,1003.838,40.979,31.957,47189.528999999995,352.674
2024-05-21 13:00:00,7.0,0.0,1003.7539999999999,39.657,34.852999999999994,52755.16799999999,438.142
2024-05-21 13:10:00,7.0,0.0,1003.6020000000001,39.913,34.455,58166.277,509.14
2024-05-21 13:20:00,7.0,0.0,1003.5040000000001,40.817,32.188,41709.304,266.459
2024-05-21 13:30:00,7.0,0.0,1003.4309999999999,39.807,33.772000000000006,22774.001,86.235
2024-05-21 13:40:00,7.0,0.0,1003.426,37.586,44.412,14626.25,39.604
2024-05-21 13:50:00,7.0,0.0,1003.403,33.696999999999996,59.713,11252.5,24.735
2024-05-21 14:00:00,7.0,0.0,1003.2610000000001,32.494,59.424,16521.584,48.513999999999996
2024-05-21 14:10:00,7.0,0.0,1003.25,32.672000000000004,58.778,22972.25,85.882
2024-05-21 14:20:00,7.0,0.279,1003.182,32.448,65.449,25749.833000000002,107.98499999999999
2024-05-21 14:30:00,7.0,0.0,1003.143,30.892000000000003,73.17699999999999,27626.249,127.046
2024-05-21 14:40:00,7.0,0.0,1003.085,30.508,75.10900000000001,30853.583999999995,154.39100000000002
2024-05-21 14:50:00,7.0,0.0,1002.9950000000001,30.854000000000003,74.551,30756.333000000002,152.355
2024-05-21 15:00:00,7.0,0.0,1002.966,31.25,73.252,24365.916999999998,98.726
2024-05-21 15:10:00,7.0,0.0,1002.9979999999999,31.548000000000002,70.672,25673.0,105.828
2024-05-21 15:20:00,7.0,0.0,1002.872,31.725,67.85499999999999,28483.333000000002,132.25
2024-05-21 15:30:00,7.0,0.0,1002.734,32.884,65.537,27794.166999999998,128.921
2024-05-21 15:40:00,7.0,0.0,1002.6610000000001,33.007,60.794000000000004,22507.332000000002,85.017
2024-05-21 15:50:00,7.0,0.0,1002.6379999999999,32.432,61.715999999999994,21368.249,73.517
2024-05-21 16:00:00,7.0,0.0,1002.6129999999999,32.039,62.112,15537.082,40.044
2024-05-21 16:10:00,7.0,0.0,1002.5409999999999,31.445,62.965999999999994,12695.917,26.634000000000004
2024-05-21 16:20:00,7.0,0.0,1002.642,30.956,64.31800000000001,8125.582,11.408
2024-05-21 16:30:00,7.0,0.0,1002.7959999999999,30.038,71.688,6812.414999999999,7.946000000000001
2024-05-21 16:40:00,7.0,0.0,1002.95,28.492,81.13300000000001,5633.5,5.864
2024-05-21 16:50:00,7.0,0.0,1003.049,27.593,84.99600000000001,4075.167,3.146
2024-05-22 07:00:00,7.0,0.0,1005.03,25.64,95.35,9821.67,18.53
2024-05-22 07:10:00,7.0,0.0,1005.04,26.03,94.77000000000001,12360.415,30.865000000000002
2024-05-22 07:20:00,7.0,,,,,,
2024-05-22 07:30:00,7.0,,,,,,
2024-05-22 07:40:00,7.0,,,,,,
2024-05-22 07:50:00,7.0,0.0,1004.8522222222223,36.86888888888889,73.57777777777778,68958.08111111111,900.2844444444445
2024-05-22 08:00:00,7.0,0.0,1005.027,36.205,70.17,49404.907,473.741
2024-05-22 08:10:00,7.0,0.0,1005.177,35.025999999999996,72.78,61503.302,780.279
2024-05-22 08:20:00,7.0,0.0,1005.2620000000001,37.851,67.069,66930.35699999999,752.754
2024-05-22 08:30:00,7.0,0.0,1005.2789999999999,39.745,61.279999999999994,90538.962,1310.8600000000001
2024-05-22 08:40:00,7.0,0.0,1005.341,40.043,54.217,54653.21,476.137
2024-05-22 08:50:00,7.0,0.0,1005.5166666666668,38.89333333333334,55.324999999999996,66263.65833333334,684.7316666666667
2024-05-22 09:00:00,7.0,0.0,1005.52875,39.70875,45.2475,74661.9525,855.7325000000001
2024-05-22 09:10:00,7.0,0.0,1005.4379999999999,41.522000000000006,47.676,71129.65400000001,758.95
2024-05-22 09:20:00,7.0,0.0,1005.4470000000001,41.974000000000004,39.47,66843.03,668.403
2024-05-22 09:30:00,7.0,0.0,1005.415,42.352,40.153,69298.81999999999,719.8199999999999
2024-05-22 09:40:00,7.0,0.0,1005.369,41.541000000000004,35.262,72263.483,783.073
2024-05-22 09:50:00,7.0,0.0,1005.3119999999999,40.568,36.486000000000004,77297.251,892.5780000000001
2024-05-22 10:00:00,7.0,0.0,1005.1940000000001,41.284,34.63,88901.468,1175.06
2024-05-22 10:10:00,7.0,0.0,1005.104,41.216,34.537,80158.774,962.381
2024-05-22 10:20:00,7.0,0.0,1004.984,40.287,35.171,76241.94399999999,870.9380000000001
2024-05-22 10:30:00,7.0,0.0,1004.958,39.786,35.618,78516.96699999999,918.0409999999999
2024-05-22 10:40:00,7.0,0.0,1004.925,38.829,37.422000000000004,65301.668000000005,639.262
2024-05-22 10:50:00,7.0,0.714,1005.0200000000001,39.153000000000006,36.799,88632.756,1573.154
2024-05-22 11:00:00,7.0,0.0,1004.9399999999999,40.926,33.332,99445.168,1414.039
2024-05-22 11:10:00,7.0,0.0,1004.859,42.265,30.706,111417.38699999999,1834.1490000000001
2024-05-22 11:20:00,7.0,0.0,1004.783,42.031,30.830000000000002,90446.599,1402.466
2024-05-22 11:30:00,7.0,0.0,1004.7049999999999,39.45,35.513999999999996,72442.26999999999,891.2369999999999
2024-05-22 11:40:00,7.0,0.0,1004.473,41.578,31.948,109027.004,1850.0040000000001
2024-05-22 11:50:00,7.0,0.0,1004.4,41.227999999999994,31.764999999999997,92374.826,1178.9479999999999
2024-05-22 12:00:00,7.0,0.0,1004.309,41.721,30.749000000000002,112418.06599999999,1975.7310000000002
2024-05-22 12:10:00,7.0,0.061,1004.1659999999999,42.007,29.531,116000.675,1892.0439999999999
2024-05-22 12:20:00,7.0,0.0,1004.0450000000001,41.245999999999995,31.017000000000003,78320.56899999999,886.1869999999999
2024-05-22 12:30:00,7.0,0.0,1003.918,40.757999999999996,32.386,85894.038,1069.69
2024-05-22 12:40:00,7.0,0.0,1003.783,40.045,33.599000000000004,68246.209,702.504
2024-05-22 12:50:00,7.0,0.0,1003.624,37.772,38.43,47231.936,352.02200000000005
2024-05-22 13:00:00,7.0,0.0,1003.4780000000001,36.309,42.467,37034.235,224.294
2024-05-22 13:10:00,7.0,0.0,1003.348,35.249,45.364,38078.933000000005,239.025
2024-05-22 13:20:00,7.0,0.0,1003.2700000000001,34.363,47.699,39574.739,263.149
2024-05-22 13:30:00,7.0,0.0,1003.229,34.408,48.340999999999994,36372.604,225.738
2024-05-22 13:40:00,7.0,0.0,1003.1940000000001,33.511,50.818,37258.089,230.473
2024-05-22 13:50:00,7.0,0.0,1003.012,34.638,48.727,44253.221000000005,317.59299999999996
2024-05-22 14:00:00,7.0,0.0,1003.0959999999999,33.545,51.136,14653.417000000001,42.659000000000006
2024-05-22 14:10:00,7.0,0.0,1003.0260000000001,31.413,58.717999999999996,8903.249,13.313999999999998
2024-05-22 14:20:00,7.0,0.0,1003.031,30.506,62.94,7387.5,9.07
2024-05-22 14:30:00,7.0,0.0,1003.082,29.976999999999997,66.627,8281.916000000001,10.821000000000002
2024-05-22 14:40:00,7.0,0.0,1003.207,29.72,68.28099999999999,9228.085000000001,13.115
2024-05-22 14:50:00,7.0,0.0,1003.2850000000001,29.649,69.68,8282.583999999999,10.7
2024-05-22 15:00:00,7.0,0.0,1003.2819999999999,29.333999999999996,71.741,7388.4169999999995,8.087
2024-05-22 15:10:00,7.0,0.0,1003.193,28.915,73.387,5736.248,5.013
2024-05-22 15:20:00,7.0,0.0,1003.158,28.82,74.414,4946.25,3.7
2024-05-22 15:30:00,7.0,0.0,1003.198,28.671999999999997,75.152,3033.668,1.5699999999999998
2024-05-22 15:40:00,7.0,0.0,1003.1389999999999,28.854000000000003,74.507,4290.75,3.087
2024-05-22 15:50:00,7.0,0.0,1002.999,29.178000000000004,72.821,6895.75,7.217999999999999
2024-05-22 16:00:00,7.0,0.0,1002.9,29.004,74.72200000000001,7435.084,9.414
2024-05-22 16:10:00,7.0,0.0,1002.8610000000001,27.835,81.87,6764.834,8.385
2024-05-22 16:20:00,7.0,0.0,1002.903,26.970999999999997,85.50399999999999,5709.25,6.109
2024-05-22 16:30:00,7.0,0.0,1002.936,26.506999999999998,87.211,4647.584,4.276
2024-05-22 16:40:00,7.0,0.0,1002.9860000000001,26.29,87.71799999999999,5623.3330000000005,5.6
2024-05-22 16:50:00,7.0,0.0,1003.001,26.149,86.85900000000001,4564.916,3.851
2024-05-23 07:00:00,7.0,0.0,1005.028,26.792,88.572,15314.251,60.970000000000006
2024-05-23 07:10:00,7.0,0.0,1005.1039999999999,27.73,85.264,22314.084,115.38900000000001
2024-05-23 07:20:00,7.0,0.0,1005.1629999999999,28.347,83.184,27372.415,160.055
2024-05-23 07:30:00,7.0,0.0,1005.1719999999999,29.101999999999997,79.536,29992.083000000002,175.371
2024-05-23 07:40:00,7.0,0.0,1005.183,30.256,77.092,36536.248,236.762
2024-05-23 07:50:00,7.0,0.0,1005.137,30.927,72.875,31220.305,172.144
2024-05-23 08:00:00,7.0,0.0,1005.07,32.402,67.416,52437.378000000004,473.683
2024-05-23 08:10:00,7.0,0.0,1005.0620000000001,37.225,54.80499999999999,86991.566,1299.605
2024-05-23 08:20:00,7.0,0.0,1005.113,39.766000000000005,45.366,68134.62299999999,822.4619999999999
2024-05-23 08:30:00,7.0,0.0,1005.077,41.034,41.3,83744.076,1149.585
2024-05-23 08:40:00,7.0,0.0,1005.142,42.576,36.915,59224.641,599.4359999999999
2024-05-23 08:50:00,7.0,0.0,1005.2299999999999,39.79,42.739999999999995,50419.05,393.916
2024-05-23 09:00:00,7.0,0.0,1005.2370000000001,39.036,43.614,52038.216,411.262
2024-05-23 09:10:00,7.0,0.0,1005.2610000000001,38.509,43.974000000000004,46368.718,330.929
2024-05-23 09:20:00,7.0,0.0,1005.3629999999999,36.648,46.673,48843.014,389.196
2024-05-23 09:30:00,7.0,0.0,1005.344,36.864,47.248000000000005,66115.474,708.39
2024-05-23 09:40:00,7.0,0.0,1005.3620000000001,36.417,47.556,71880.928,839.2959999999999
2024-05-23 09:50:00,7.0,0.0,1005.369,38.154,43.098,87714.62999999999,1157.045
2024-05-23 10:00:00,7.0,0.0,1005.3299999999999,38.931,41.068,68824.087,722.87
2024-05-23 10:10:00,7.0,0.0,1005.2729999999999,37.193,44.964,64527.937,637.323
2024-05-23 10:20:00,7.0,0.0,1005.2909999999999,36.551,45.969,65659.428,653.354
2024-05-23 10:30:00,7.0,0.0,1005.229,37.031,44.385000000000005,71188.235,766.199
2024-05-23 10:40:00,7.0,0.0,1005.191,36.769,43.95,67422.34300000001,689.95
2024-05-23 10:50:00,7.0,0.0,1005.0989999999999,36.281,44.315,64743.740000000005,636.9190000000001
2024-05-23 11:00:00,7.0,0.0,1005.101,35.525,45.712,69107.45300000001,732.76
2024-05-23 11:10:00,7.0,0.0,1004.925,36.934000000000005,42.535,86337.327,1129.524
2024-05-23 11:20:00,7.0,0.0,1004.8299999999999,38.644999999999996,39.480000000000004,84769.374,1125.483
2024-05-23 11:30:00,7.0,0.0,1004.741,37.144,42.676,45837.983,368.3
2024-05-23 11:40:00,7.0,0.0,1004.7289999999999,34.281,51.234,15346.168,48.166000000000004
2024-05-23 11:50:00,7.0,0.0,1004.643,32.282,57.164,11918.583999999999,26.782
2024-05-23 12:00:00,7.0,0.0,1004.682,30.738,63.10699999999999,15619.918,38.855000000000004
2024-05-23 12:10:00,7.0,0.0,1004.716,29.97,66.27000000000001,15680.835000000001,38.004000000000005
2024-05-23 12:20:00,7.0,0.0,1004.7139999999999,30.05,66.183,19307.833000000002,59.986000000000004
2024-05-23 12:30:00,7.0,0.0,1004.6569999999999,30.097,66.25699999999999,22608.666999999998,77.4
2024-05-23 12:40:00,7.0,0.0,1004.5959999999999,29.843,66.514,20108.166999999998,62.595000000000006
2024-05-23 12:50:00,7.0,0.0,1004.5790000000001,29.302,71.24300000000001,15563.501,39.967
2024-05-23 13:00:00,7.0,0.0,1004.5319999999999,28.326999999999998,74.577,15017.25,37.114999999999995
2024-05-23 13:10:00,7.0,0.0,1004.461,28.292,73.959,12413.751,25.585
2024-05-23 13:20:00,7.0,0.0,1004.4459999999999,28.546,72.981,12135.417,23.266
2024-05-23 13:30:00,7.0,0.0,1004.4380000000001,28.564999999999998,72.729,12372.498,23.740000000000002
2024-05-23 13:40:00,7.0,0.0,1004.4,28.214999999999996,76.491,14821.667000000001,35.318
2024-05-23 13:50:00,7.0,0.0,1004.4590000000001,27.4,82.434,15016.499,35.806
2024-05-23 14:00:00,7.0,0.0,1004.4129999999999,26.874000000000002,85.741,13895.75,30.569
2024-05-23 14:10:00,7.0,0.0,1004.567,26.375999999999998,86.768,11603.75,19.512
2024-05-23 14:20:00,7.0,0.0,1004.652,25.973000000000003,87.676,7705.749000000001,9.323
2024-05-23 14:30:00,7.0,0.0,1004.573,25.958,88.408,9716.0,16.416
2024-05-23 14:40:00,7.0,0.0,1004.375,26.639,89.958,18846.499000000003,47.408
2024-05-23 14:50:00,7.0,0.0,1004.391,26.788999999999998,89.311,10155.166000000001,16.583000000000002
2024-05-23 15:00:00,7.0,0.0,1004.3799999999999,26.006,90.611,8685.333,12.657
2024-05-23 15:10:00,7.0,0.0,1004.4459999999999,25.880000000000003,91.255,8669.75,13.126
2024-05-23 15:20:00,7.0,0.0,1004.4309999999999,25.806,91.913,8111.5,11.065000000000001
2024-05-23 15:30:00,7.0,0.0,1004.309,25.896000000000004,92.09700000000001,4775.6669999999995,4.071
2024-05-23 15:40:00,7.0,0.0,1004.2719999999999,25.559,92.473,3675.585,2.088
2024-05-23 15:50:00,7.0,0.0,1004.2120000000001,25.433,93.545,2903.168,1.509
2024-05-23 16:00:00,7.0,0.0,1004.177,25.446,93.69800000000001,3856.582,2.663
2024-05-23 16:10:00,7.0,0.0,1004.1290000000001,25.447,93.937,3634.417,2.057
2024-05-23 16:20:00,7.0,0.0,1004.0930000000001,25.345,94.413,1363.666,0.353
2024-05-23 16:30:00,7.0,0.0,1004.195,25.091,95.398,1054.251,0.16499999999999998
2024-05-23 16:40:00,7.0,0.262,1004.467,24.619999999999997,96.187,686.999,0.084
2024-05-23 16:50:00,7.0,0.915,1004.461,24.412,97.39,1139.833,0.196
2024-05-24 07:00:00,7.0,,,,,,
2024-05-24 07:10:00,7.0,,,,,,
2024-05-24 07:20:00,7.0,,,,,,
2024-05-24 07:30:00,7.0,,,,,,
2024-05-24 07:40:00,7.0,,,,,,
2024-05-24 07:50:00,7.0,,,,,,
2024-05-24 08:00:00,7.0,,,,,,
2024-05-24 08:10:00,7.0,,,,,,
2024-05-24 08:20:00,7.0,,,,,,
2024-05-24 08:30:00,7.0,,,,,,
2024-05-24 08:40:00,7.0,,,,,,
2024-05-24 08:50:00,7.0,,,,,,
2024-05-24 09:00:00,7.0,,,,,,
2024-05-24 09:10:00,7.0,,,,,,
2024-05-24 09:20:00,7.0,,,,,,
2024-05-24 09:30:00,7.0,,,,,,
2024-05-24 09:40:00,7.0,,,,,,
2024-05-24 09:50:00,7.0,,,,,,
2024-05-24 10:00:00,7.0,,,,,,
2024-05-24 10:10:00,7.0,,,,,,
2024-05-24 10:20:00,7.0,,,,,,
2024-05-24 10:30:00,7.0,,,,,,
2024-05-24 10:40:00,7.0,,,,,,
2024-05-24 10:50:00,7.0,0.0,1006.8333333333334,35.20666666666667,69.12666666666667,38082.35,235.24333333333334
2024-05-24 11:00:00,7.0,0.0,1006.874,35.281,66.601,36800.227,221.88299999999998
2024-05-24 11:10:00,7.0,0.0,1006.883,34.910000000000004,62.955000000000005,31035.749,159.167
2024-05-24 11:20:00,7.0,0.0,1006.7139999999999,35.325,62.282000000000004,43930.015999999996,315.98400000000004
2024-05-24 11:30:00,7.0,0.0,1006.4950000000001,36.858,54.717999999999996,57119.239,527.3340000000001
2024-05-24 11:40:00,7.0,0.0,1006.366,38.701,51.010000000000005,46621.69,352.43
2024-05-24 11:50:00,7.0,0.0,1006.501,37.882999999999996,49.510000000000005,30305.332000000002,150.961
2024-05-24 12:00:00,7.0,0.0,1006.5260000000001,36.366,50.074,31628.166000000005,167.674
2024-05-24 12:10:00,7.0,0.0,1006.442,35.561,51.373000000000005,37054.816999999995,237.456
2024-05-24 12:20:00,7.0,0.0,1006.4119999999999,35.926,50.185,46936.89,356.582
2024-05-24 12:30:00,7.0,0.0,1006.3629999999999,35.967,49.681,45618.164000000004,336.372
2024-05-24 12:40:00,7.0,0.0,1006.426,36.331,49.517,54469.387,475.07700000000006
2024-05-24 12:50:00,7.0,0.0,1006.323,37.134,46.083999999999996,67341.124,713.071
2024-05-24 13:00:00,7.0,0.0,1006.158,37.146,45.434000000000005,76338.796,858.7969999999999
2024-05-24 13:10:00,7.0,0.0,1006.0970000000001,37.168,45.608999999999995,65469.317,640.649
2024-05-24 13:20:00,7.0,0.0,1006.0200000000001,37.116,46.565,56237.155000000006,495.01599999999996
2024-05-24 13:30:00,7.0,0.0,1006.04,36.129,49.11,43363.985,292.509
2024-05-24 13:40:00,7.0,0.0,1005.9559999999999,34.434,53.109,38966.819,237.379
2024-05-24 13:50:00,7.0,0.0,1005.949,33.509,56.641999999999996,30838.583000000002,146.003
2024-05-24 14:00:00,7.0,0.0,1005.9100000000001,33.193,57.388,22020.25,77.768
2024-05-24 14:10:00,7.0,0.0,1005.8790000000001,31.967000000000002,62.049,17088.666999999998,45.807
2024-05-24 14:20:00,7.0,0.0,1005.768,31.016000000000002,66.96000000000001,15688.168,37.211
2024-05-24 14:30:00,7.0,0.0,1005.7540000000001,29.732,74.201,13934.332999999999,30.401
2024-05-24 14:40:00,7.0,0.052000000000000005,1005.807,28.502,79.748,5296.334,4.821
2024-05-24 14:50:00,7.0,0.191,1005.8340000000001,26.974,89.443,4117.334,2.348
2024-05-24 15:00:00,7.0,0.7140000000000001,1005.85,26.22,95.991,6197.1669999999995,4.518
2024-05-24 15:10:00,7.0,1.349,1005.952,25.973000000000003,96.99600000000001,5830.5,3.41
2024-05-24 15:20:00,7.0,0.8009999999999999,1005.9,25.342000000000002,97.687,6128.751,4.468
2024-05-24 15:30:00,7.0,0.0,1005.8430000000001,25.688,97.635,5674.75,5.2090000000000005
2024-05-24 15:40:00,7.0,0.0,1005.8029999999999,25.544999999999998,97.568,5437.0830000000005,5.3759999999999994
2024-05-24 15:50:00,7.0,0.0,1005.8619999999999,25.482,97.57300000000001,3818.583,2.79
2024-05-24 16:00:00,7.0,0.0,1005.9470000000001,25.39,97.638,2583.583,1.393
2024-05-24 16:10:00,7.0,0.0,1006.066,25.074,97.8,4370.0830000000005,3.322
2024-05-24 16:20:00,7.0,0.0,1006.0690000000001,24.738,98.125,3038.416,1.7579999999999998
2024-05-24 16:30:00,7.0,0.0,1006.0840000000001,24.538,98.30799999999999,3664.75,2.439
2024-05-24 16:40:00,7.0,0.0,1006.117,24.461000000000002,98.337,4746.6669999999995,4.38
2024-05-24 16:50:00,7.0,0.0,1006.0790000000001,24.353,97.99199999999999,7615.1669999999995,9.792
2024-05-25 07:00:00,7.0,0.0,1008.1200000000001,25.824,97.173,11033.333999999999,39.464
2024-05-25 07:10:00,7.0,0.0,1008.158,25.754,97.313,10170.583,32.646
2024-05-25 07:20:00,7.0,0.0,1008.2729999999999,26.014,97.263,12451.0,49.545
2024-05-25 07:30:00,7.0,0.0,1008.4590000000001,26.526999999999997,96.995,14771.916000000001,66.11999999999999
2024-05-25 07:40:00,7.0,0.0,1008.557,26.926,96.98400000000001,17930.916999999998,93.337
2024-05-25 07:50:00,7.0,0.0,1008.506,27.613,96.392,22975.919,140.06400000000002
2024-05-25 08:00:00,7.0,0.0,1008.5040000000001,28.175,95.196,24951.167999999998,150.074
2024-05-25 08:10:00,7.0,0.0,1008.3880000000001,28.992,94.034,32301.748,222.20100000000002
2024-05-25 08:20:00,7.0,0.0,1008.3950000000001,29.076999999999998,93.422,29394.083000000002,172.68099999999998
2024-05-25 08:30:00,7.0,0.0,1008.4460000000001,29.006,92.282,31019.083000000002,177.38799999999998
2024-05-25 08:40:00,7.0,0.0,1008.414,29.518,90.529,35083.581,212.14000000000001
2024-05-25 08:50:00,7.0,0.0,1008.366,30.01,90.175,33210.916000000005,188.42000000000002
2024-05-25 09:00:00,7.0,0.0,1008.24,31.095,91.92,44549.56,310.385
2024-05-25 09:10:00,7.0,0.0,1008.177,32.137,90.45599999999999,42824.203,283.444
2024-05-25 09:20:00,7.0,0.0,1008.2180000000001,32.755,89.269,53747.404,433.01099999999997
2024-05-25 09:30:00,7.0,0.0,1008.1809999999999,35.718,87.037,69186.336,701.533
2024-05-25 09:40:00,7.0,0.0,1008.1450000000001,36.745999999999995,75.624,52493.723,420.96100000000007
2024-05-25 09:50:00,7.0,0.0,1007.9979999999999,36.553,70.663,52656.340000000004,425.77200000000005
2024-05-25 10:00:00,7.0,0.0,1007.892,37.003,65.463,64678.333999999995,626.691
2024-05-25 10:10:00,7.0,0.0,1007.793,37.818,55.352,57056.708,499.796
2024-05-25 10:20:00,7.0,0.0,1007.762,37.251,55.125,56067.348,484.28599999999994
2024-05-25 10:30:00,7.0,0.0,1007.7239999999999,37.511,51.598,60272.933,545.281
2024-05-25 10:40:00,7.0,0.0,1007.6899999999999,38.611000000000004,43.129000000000005,84333.273,1035.8790000000001
2024-05-25 10:50:00,7.0,0.0,1007.6610000000001,39.992000000000004,39.769999999999996,64937.804000000004,620.572
2024-05-25 11:00:00,7.0,0.0,1007.646,41.373000000000005,37.077,92612.013,1343.633
2024-05-25 11:10:00,7.0,0.0,1007.5559999999999,44.287,31.086000000000002,89294.62299999999,1167.223
2024-05-25 11:20:00,7.0,0.0,1007.5450000000001,42.666,33.172000000000004,64455.522,628.64
2024-05-25 11:30:00,7.0,0.0,1007.481,40.094,36.659000000000006,41544.659,272.335
2024-05-25 11:40:00,7.0,0.0,1007.442,38.637,41.025999999999996,37051.995,226.1
2024-05-25 11:50:00,7.0,0.0,1007.4100000000001,37.946,42.409000000000006,51482.983,434.804
2024-05-25 12:00:00,7.0,0.0,1007.405,38.962,40.892,60785.943999999996,572.288
2024-05-25 12:10:00,7.0,0.0,1007.302,38.652,40.914,44074.109,297.125
2024-05-25 12:20:00,7.0,0.0,1007.2370000000001,37.549,43.108000000000004,32778.210999999996,168.317
2024-05-25 12:30:00,7.0,0.0,1007.189,36.410000000000004,46.025999999999996,28616.832000000002,127.40899999999999
2024-05-25 12:40:00,7.0,0.0,1007.075,35.706,47.528999999999996,32030.498,166.124
2024-05-25 12:50:00,7.0,0.0,1007.0219999999999,35.839,46.634,49248.148,384.024
2024-05-25 13:00:00,7.0,0.0,1006.9459999999999,37.388999999999996,43.366,48826.662,375.733
2024-05-25 13:10:00,7.0,0.0,1006.7630000000001,38.055,41.007999999999996,51665.364,419.329
2024-05-25 13:20:00,7.0,0.0,1006.635,39.458,38.926,48842.834,369.195
2024-05-25 13:30:00,7.0,0.0,1006.519,40.183,36.778999999999996,53119.216,442.287
2024-05-25 13:40:00,7.0,0.0,1006.425,39.632999999999996,37.443,36451.839,218.16199999999998
2024-05-25 13:50:00,7.0,0.0,1006.299,37.5,42.539,36172.164000000004,208.47899999999998
2024-05-25 14:00:00,7.0,0.0,1006.233,37.469,43.888,32224.665,166.502
2024-05-25 14:10:00,7.0,0.0,1006.1959999999999,36.619,45.669,20968.916999999998,76.361
2024-05-25 14:20:00,7.0,0.0,1006.124,35.63,49.267,25807.666,114.124
2024-05-25 14:30:00,7.0,0.0,1006.051,35.301,49.561,26647.499,115.80199999999999
2024-05-25 14:40:00,7.0,0.0,1006.0350000000001,33.303999999999995,54.895,26227.751,110.979
2024-05-25 14:50:00,7.0,0.0,1005.923,33.017,55.783,17504.501,51.956
2024-05-25 15:00:00,7.0,0.0,1005.792,33.129000000000005,55.147000000000006,21633.666,79.959
2024-05-25 15:10:00,7.0,0.0,1005.6690000000001,34.143,53.375,25181.081,109.04100000000001
2024-05-25 15:20:00,7.0,0.0,1005.555,34.857,51.616,28048.249,131.707
2024-05-25 15:30:00,7.0,0.0,1005.3770000000001,35.454,50.681,28710.416000000005,141.28699999999998
2024-05-25 15:40:00,7.0,0.0,1005.259,36.547000000000004,47.926,25849.25,110.35499999999999
2024-05-25 15:50:00,7.0,0.0,1005.159,36.227999999999994,48.786,21901.666999999998,77.907
2024-05-25 16:00:00,7.0,0.0,1005.107,35.133,50.757,19242.166999999998,60.426
2024-05-25 16:10:00,7.0,0.0,1004.945,34.217,53.705999999999996,16116.664999999999,43.595
2024-05-25 16:20:00,7.0,0.0,1004.906,33.182,56.777,13221.417000000001,30.369999999999997
2024-05-25 16:30:00,7.0,0.0,1005.222,32.304,59.414,12777.916000000001,28.357999999999997
2024-05-25 16:40:00,7.0,0.0,1005.473,31.887999999999998,60.85,13965.0,33.001999999999995
2024-05-25 16:50:00,7.0,0.0,1005.6049999999999,31.729000000000003,63.92100000000001,13690.0,31.279000000000003
2024-05-26 07:00:00,7.0,0.0,1005.9039999999999,28.123,76.614,24530.166999999998,94.166
2024-05-26 07:10:00,7.0,0.0,1005.926,28.869,72.55,25192.501,101.55600000000001
2024-05-26 07:20:00,7.0,0.0,1006.0229999999999,29.35,69.40299999999999,21212.5,72.181
2024-05-26 07:30:00,7.0,0.0,1005.999,29.036,69.91900000000001,14204.335000000001,33.226
2024-05-26 07:40:00,7.0,0.0,1006.0139999999999,28.659,71.16,13385.333999999999,30.595
2024-05-26 07:50:00,7.0,0.0,1005.9190000000001,29.054000000000002,72.103,20110.499,65.737
2024-05-26 08:00:00,7.0,0.0,1005.884,29.654000000000003,72.87,24751.249,93.137
2024-05-26 08:10:00,7.0,0.0,1005.9770000000001,29.423000000000002,74.268,23561.584,89.59
2024-05-26 08:20:00,7.0,0.0,1005.876,29.976,71.412,28816.333000000002,135.01
2024-05-26 08:30:00,7.0,0.0,1005.8520000000001,30.743000000000002,65.796,34881.663,192.80599999999998
2024-05-26 08:40:00,7.0,0.0,1005.7209999999999,31.772000000000002,60.152,31720.832000000002,161.209
2024-05-26 08:50:00,7.0,0.0,1005.6469999999999,31.667,60.291,22494.166999999998,82.29400000000001
2024-05-26 09:00:00,7.0,,,,,,
2024-05-26 09:10:00,7.0,,,,,,
2024-05-26 09:20:00,7.0,,,,,,
2024-05-26 09:30:00,7.0,,,,,,
2024-05-26 09:40:00,7.0,,,,,,
2024-05-26 09:50:00,7.0,,,,,,
2024-05-26 10:00:00,7.0,,,,,,
2024-05-26 10:10:00,7.0,,,,,,
2024-05-26 10:20:00,7.0,,,,,,
2024-05-26 10:30:00,7.0,,,,,,
2024-05-26 10:40:00,7.0,,,,,,
2024-05-26 10:50:00,7.0,,,,,,
2024-05-26 11:00:00,7.0,,,,,,
2024-05-26 11:10:00,7.0,,,,,,
2024-05-26 11:20:00,7.0,,,,,,
2024-05-26 11:30:00,7.0,,,,,,
2024-05-26 11:40:00,7.0,,,,,,
2024-05-26 11:50:00,7.0,,,,,,
2024-05-26 12:00:00,7.0,,,,,,
2024-05-26 12:10:00,7.0,,,,,,
2024-05-26 12:20:00,7.0,,,,,,
2024-05-26 12:30:00,7.0,,,,,,
2024-05-26 12:40:00,7.0,,,,,,
2024-05-26 12:50:00,7.0,,,,,,
2024-05-26 13:00:00,7.0,,,,,,
2024-05-26 13:10:00,7.0,,,,,,
2024-05-26 13:20:00,7.0,,,,,,
2024-05-26 13:30:00,7.0,,,,,,
2024-05-26 13:40:00,7.0,,,,,,
2024-05-26 13:50:00,7.0,,,,,,
2024-05-26 14:00:00,7.0,,,,,,
2024-05-26 14:10:00,7.0,,,,,,
2024-05-26 14:20:00,7.0,,,,,,
2024-05-26 14:30:00,7.0,,,,,,
2024-05-26 14:40:00,7.0,,,,,,
2024-05-26 14:50:00,7.0,,,,,,
2024-05-26 15:00:00,7.0,,,,,,
2024-05-26 15:10:00,7.0,,,,,,
2024-05-26 15:20:00,7.0,,,,,,
2024-05-26 15:30:00,7.0,,,,,,
2024-05-26 15:40:00,7.0,,,,,,
2024-05-26 15:50:00,7.0,,,,,,
2024-05-26 16:00:00,7.0,,,,,,
2024-05-26 16:10:00,7.0,,,,,,
2024-05-26 16:20:00,7.0,,,,,,
2024-05-26 16:30:00,7.0,,,,,,
2024-05-26 16:40:00,7.0,,,,,,
2024-05-26 16:50:00,7.0,,,,,,
2024-05-27 07:00:00,7.0,0.0,1001.024,39.494,37.588,58510.02099999999,608.188
2024-05-27 07:10:00,7.0,0.0,1001.1020000000001,41.126999999999995,33.82299999999999,51670.67,467.351
2024-05-27 07:20:00,7.0,0.0,1001.2120000000001,39.836,35.807,43093.812,309.26
2024-05-27 07:30:00,7.0,0.0,1001.2210000000001,39.172,37.164,46448.32,357.464
2024-05-27 07:40:00,7.0,0.0,1001.1690000000001,38.031,40.132,24837.751,99.839
2024-05-27 07:50:00,7.0,0.0,1001.059,36.642,43.863,27829.499,125.492
2024-05-27 08:00:00,7.0,0.0,1001.0139999999999,36.801,43.688,45426.318,328.369
2024-05-27 08:10:00,7.0,0.0,1000.9590000000001,38.221,40.457,53355.148,452.12600000000003
2024-05-27 08:20:00,7.0,0.0,1000.9110000000001,39.010000000000005,38.789,51941.183999999994,414.817
2024-05-27 08:30:00,7.0,0.0,1000.7299999999999,39.265,38.541000000000004,43516.539000000004,296.685
2024-05-27 08:40:00,7.0,0.0,1000.5129999999999,39.343,38.977999999999994,41211.328,264.21999999999997
2024-05-27 08:50:00,7.0,0.0,1000.443,39.123000000000005,38.778,46043.303,333.382
2024-05-27 09:00:00,7.0,0.0,1000.2180000000001,39.613,37.974000000000004,57457.949,513.009
2024-05-27 09:10:00,7.0,0.0,1000.1379999999999,40.67,36.116,55993.315,497.201
2024-05-27 09:20:00,7.0,0.0,1000.0379999999999,41.576,34.843,67018.943,721.382
2024-05-27 09:30:00,7.0,0.0,999.9290000000001,44.174,29.865999999999996,101805.724,1677.89
2024-05-27 09:40:00,7.0,0.0,999.616,47.959,23.741999999999997,85700.34,1274.306
2024-05-27 09:50:00,7.0,0.0,999.508,48.166,23.264,66687.516,823.533
2024-05-27 10:00:00,7.0,0.0,999.384,45.197,27.238,52468.389,504.72799999999995
2024-05-27 10:10:00,7.0,0.0,999.394,42.024,33.158,29815.166999999998,163.736
2024-05-27 10:20:00,7.0,0.0,999.509,39.8,38.475,28734.833000000002,155.97899999999998
2024-05-27 10:30:00,7.0,0.0,999.499,39.242000000000004,39.425,44223.765,320.265
2024-05-27 10:40:00,7.0,0.0,999.357,40.253,37.072,68392.295,709.009
2024-05-27 10:50:00,7.0,0.0,999.2,41.864999999999995,33.507,49561.045,383.03000000000003
2024-05-27 11:00:00,7.0,0.0,999.0709999999999,40.919,35.471,44705.71,312.60900000000004
2024-05-27 11:10:00,7.0,0.0,999.068,38.766000000000005,40.57,51413.262,408.125
2024-05-27 11:20:00,7.0,0.0,999.0319999999999,38.81,40.754,46663.765,335.662
2024-05-27 11:30:00,7.0,0.0,998.7819999999999,38.704,40.638999999999996,44694.571,306.77200000000005
2024-05-27 11:40:00,7.0,0.0,998.659,38.587,41.879,37400.473,225.83
2024-05-27 11:50:00,7.0,0.0,998.354,39.832,39.101,51797.795,434.61199999999997
2024-05-27 12:00:00,7.0,0.0,998.1379999999999,41.742000000000004,35.182,53320.286,455.8190000000001
2024-05-27 12:10:00,7.0,0.0,997.9459999999999,42.58,33.218,59479.253000000004,566.308
2024-05-27 12:20:00,7.0,0.0,997.6899999999999,45.114999999999995,28.556,104616.935,1679.154
2024-05-27 12:30:00,7.0,0.0,997.4350000000001,48.219,23.746000000000002,94504.122,1355.12
2024-05-27 12:40:00,7.0,0.0,997.216,46.035000000000004,27.089999999999996,35719.105,207.844
2024-05-27 12:50:00,7.0,0.0,997.1120000000001,43.63,30.764999999999997,46535.019,346.105
2024-05-27 13:00:00,7.0,0.0,996.936,44.42,29.661,65961.122,646.522
2024-05-27 13:10:00,7.0,0.0,996.632,44.765,28.570999999999998,60878.482,567.0649999999999
2024-05-27 13:20:00,7.0,0.0,996.4309999999999,45.507999999999996,27.055,88469.31899999999,1164.59
2024-05-27 13:30:00,7.0,0.0,996.243,47.143,24.205000000000002,90313.99,1164.807
2024-05-27 13:40:00,7.0,0.0,996.1869999999999,47.509,23.273000000000003,82795.68299999999,996.5120000000001
2024-05-27 13:50:00,7.0,0.0,996.192,46.596000000000004,24.835,53268.534,451.428
2024-05-27 14:00:00,7.0,0.0,996.159,43.919,30.566000000000003,43741.149,311.943
2024-05-27 14:10:00,7.0,0.0,996.165,41.343,34.668,33881.497,188.618
2024-05-27 14:20:00,7.0,0.0,996.2629999999999,38.939,41.364,21262.166999999998,81.36699999999999
2024-05-27 14:30:00,7.0,0.0,996.189,37.724000000000004,44.339,25521.749,110.474
2024-05-27 14:40:00,7.0,0.0,996.016,39.096999999999994,41.304,37372.307,250.827
2024-05-27 14:50:00,7.0,0.0,995.743,40.457,37.628,39234.776,281.879
2024-05-27 15:00:00,7.0,0.0,995.548,40.378,37.074,36589.997,241.075
2024-05-27 15:10:00,7.0,0.0,995.384,41.54,34.753,46797.17,611.933
2024-05-27 15:20:00,7.0,0.0,995.3,43.558,31.173000000000002,41579.345,699.008
2024-05-27 15:30:00,7.0,0.0,995.3520000000001,41.559000000000005,34.592,28857.833000000002,258.979
2024-05-27 15:40:00,7.0,0.0,995.4370000000001,38.257999999999996,42.552,26198.415,165.67000000000002
2024-05-27 15:50:00,7.0,0.0,995.3790000000001,37.374,44.654,28830.583000000002,167.635
2024-05-27 16:00:00,7.0,0.0,995.083,36.614,46.730000000000004,24772.834,134.81300000000002
2024-05-27 16:10:00,7.0,0.0,994.9399999999999,35.894,47.949,15756.832999999999,43.166
2024-05-27 16:20:00,7.0,0.0,994.869,34.658,51.477,12223.248,25.919
2024-05-27 16:30:00,7.0,0.0,994.734,33.789,55.647000000000006,11242.249,21.965
2024-05-27 16:40:00,7.0,0.0,994.5630000000001,33.614,56.028999999999996,12227.0,26.558
2024-05-27 16:50:00,7.0,0.0,994.6469999999999,33.206,54.70700000000001,11411.583,23.157
2024-05-28 07:00:00,7.0,0.0,996.969,28.828999999999997,77.562,11614.164999999999,22.336000000000002
2024-05-28 07:10:00,7.0,0.0,997.0360000000001,28.695999999999998,78.03,8271.166000000001,11.468
2024-05-28 07:20:00,7.0,0.0,997.156,27.923000000000002,81.164,4597.0830000000005,3.2659999999999996
2024-05-28 07:30:00,7.0,0.0,997.2119999999999,27.474,82.925,3235.832,1.488
2024-05-28 07:40:00,7.0,0.0,997.71,27.143,84.95700000000001,2660.25,0.959
2024-05-28 07:50:00,7.0,0.45299999999999996,998.0369999999999,26.807,87.626,2646.335,0.9730000000000001
2024-05-28 08:00:00,7.0,0.0,998.1960000000001,26.219,93.025,3230.085,1.442
2024-05-28 08:10:00,7.0,0.0,998.027,25.921,95.691,2879.583,1.2
2024-05-28 08:20:00,7.0,0.0,998.098,25.702999999999996,96.365,2839.999,1.192
2024-05-28 08:30:00,7.0,0.0,998.3149999999999,25.647000000000002,96.673,4108.918,2.409
2024-05-28 08:40:00,7.0,0.0,998.4860000000001,25.752,96.679,3237.4190000000003,1.394
2024-05-28 08:50:00,7.0,0.0,998.2719999999999,25.675,96.614,3867.166,1.7419999999999998
2024-05-28 09:00:00,7.0,0.0,998.3309999999999,25.534,96.558,3055.334,0.9949999999999999
2024-05-28 09:10:00,7.0,0.0,998.2860000000001,25.485,97.10999999999999,2819.333,0.79
2024-05-28 09:20:00,7.0,0.026000000000000002,998.492,25.473,97.221,2230.416,0.481
2024-05-28 09:30:00,7.0,0.017,999.098,25.205000000000002,97.685,1937.416,0.328
2024-05-28 09:40:00,7.0,0.017,999.091,25.02,98.075,2059.833,0.38
2024-05-28 09:50:00,7.0,0.0,998.9209999999999,24.849,98.223,2357.25,0.476
2024-05-28 10:00:00,7.0,0.0,999.244,24.788,98.41,2117.416,0.42800000000000005
2024-05-28 10:10:00,7.0,0.0,999.4649999999999,24.637,98.462,1678.6680000000001,0.304
2024-05-28 10:20:00,7.0,0.0,999.708,24.493000000000002,98.487,1571.0819999999999,0.29300000000000004
2024-05-28 10:30:00,7.0,0.0,999.649,24.219,98.236,2763.833,0.751
2024-05-28 10:40:00,7.0,0.0,999.8380000000001,23.984,98.42999999999999,3061.667,0.958
2024-05-28 10:50:00,7.0,0.044,999.9799999999999,23.719,98.471,2717.334,0.89
2024-05-28 11:00:00,7.0,0.034999999999999996,999.851,23.637999999999998,98.672,4490.25,2.4829999999999997
2024-05-28 11:10:00,7.0,0.0,999.751,23.634999999999998,98.713,4117.0,2.4899999999999998
2024-05-28 11:20:00,7.0,0.0,999.7270000000001,23.416999999999998,98.671,2908.499,1.413
2024-05-28 11:30:00,7.0,0.0,999.5959999999999,23.211000000000002,98.351,6422.582,6.784999999999999
2024-05-28 11:40:00,7.0,0.034999999999999996,999.521,23.249000000000002,98.422,6501.084,7.757
2024-05-28 11:50:00,7.0,0.0,999.5690000000001,23.722,98.043,10149.583,18.266
2024-05-28 12:00:00,7.0,0.0,999.568,24.691,96.275,26559.332000000002,132.217
2024-05-28 12:10:00,7.0,0.0,999.461,25.657999999999998,96.023,21922.166,86.7
2024-05-28 12:20:00,7.0,0.0,999.385,25.668,95.025,19193.251,66.147
2024-05-28 12:30:00,7.0,0.0,999.152,24.963,94.05499999999999,19772.251,69.409
2024-05-28 12:40:00,7.0,0.0,999.021,24.875999999999998,94.011,16566.415,48.298
2024-05-28 12:50:00,7.0,0.0,998.86,24.961000000000002,94.50399999999999,14747.166000000001,41.283
2024-05-28 13:00:00,7.0,0.0,998.659,25.214,90.36699999999999,19763.25,68.441
2024-05-28 13:10:00,7.0,0.0,998.516,25.012999999999998,89.893,14979.333999999999,38.281
2024-05-28 13:20:00,7.0,0.0,998.358,24.875,88.74,14335.666000000001,33.940999999999995
2024-05-28 13:30:00,7.0,0.0,998.4666666666667,24.733333333333334,88.52222222222223,12178.61,23.975555555555555
2024-05-28 13:40:00,7.0,0.0,998.65,24.79909090909091,88.00909090909092,15777.46181818182,41.551818181818184
2024-05-28 13:50:00,7.0,0.0,998.905,25.309,85.729,17148.583000000002,48.105000000000004
2024-05-28 14:00:00,7.0,0.0,999.017,25.16,83.387,13674.585000000001,31.689
2024-05-28 14:10:00,7.0,0.0,999.1469999999999,24.869,82.997,12512.251,25.744999999999997
2024-05-28 14:20:00,7.0,0.0,999.376,24.729,82.512,12084.083999999999,23.619999999999997
2024-05-28 14:30:00,7.0,0.0,999.55,24.562,83.711,11205.75,21.136000000000003
2024-05-28 14:40:00,7.0,0.0,999.9044444444444,23.845555555555556,86.30777777777777,9343.054444444446,14.104444444444445
2024-05-28 14:50:00,7.0,0.0,1000.2280000000001,23.665,87.619,8998.416000000001,13.498
2024-05-28 15:00:00,7.0,0.0,1000.383,23.106,91.101,10791.833,18.449
2024-05-28 15:10:00,7.0,0.0,1000.4309999999999,22.740000000000002,92.682,11666.001,24.961000000000002
2024-05-28 15:20:00,7.0,0.0,1000.4129999999999,22.631999999999998,93.733,11371.418,20.597
2024-05-28 15:30:00,7.0,0.0,1000.336,22.536,94.02799999999999,10723.169,18.661
2024-05-28 15:40:00,7.0,0.0,1000.36,22.514,93.354,10118.335000000001,17.198
2024-05-28 15:50:00,7.0,0.0,1000.351,22.478,92.966,9866.0,16.02
2024-05-28 16:00:00,7.0,0.0,1000.278,22.559,92.16900000000001,8612.416000000001,12.553
2024-05-28 16:10:00,7.0,0.0,1000.269,22.425,92.976,5765.584,5.83
2024-05-28 16:20:00,7.0,0.0,1000.317,22.298,94.41499999999999,4556.582,3.6149999999999998
2024-05-28 16:30:00,7.0,0.0,1000.318,22.179,95.16799999999999,4462.25,3.622
2024-05-28 16:40:00,7.0,0.0,1000.3399999999999,22.121000000000002,94.74,3531.666,2.272
2024-05-28 16:50:00,7.0,0.0,1000.3729999999999,22.008,94.386,3066.752,1.7109999999999999
